Name,StockNum,Date,Open,High,Low,Close,Volume,L_score,S_score
大盤,9999,2016/10/5,9260.69,9276.13,9244.41,9272.28,-,0,0
大盤,9999,2016/10/6,9263.4,9284.31,9242.83,9284.31,-,0,0
大盤,9999,2016/10/7,9289.66,9289.95,9249.06,9265.81,-,0,0
大盤,9999,2016/10/8,0,0,0,0,0,0,0
大盤,9999,2016/10/9,0,0,0,0,0,0,0
大盤,9999,2016/10/10,0,0,0,0,0,0,0
大盤,9999,2016/10/11,9311.79,9327.71,9167.72,9219.82,-,0,0
大盤,9999,2016/10/12,9201.55,9258.69,9166.58,9252.6,-,0,0
大盤,9999,2016/10/13,9268.22,9285.05,9187.78,9219.17,-,0,0
大盤,9999,2016/10/14,9198.26,9216.63,9149.87,9165.17,-,0,0
大盤,9999,2016/10/15,0,0,0,0,0,0,0
大盤,9999,2016/10/16,0,0,0,0,0,0,0
大盤,9999,2016/10/17,9150.67,9182.67,9074.99,9176.22,-,0,0
大盤,9999,2016/10/18,9175.07,9222.58,9157.4,9222.58,-,0,0
大盤,9999,2016/10/19,9227.98,9298.87,9226.46,9283.99,-,0,0
大盤,9999,2016/10/20,9288.49,9331.89,9279.15,9317.24,-,0,0
大盤,9999,2016/10/21,9322.55,9348.09,9292.53,9306.57,-,0,0
大盤,9999,2016/10/22,0,0,0,0,0,0,0
大盤,9999,2016/10/23,0,0,0,0,0,0,0
大盤,9999,2016/10/24,9333.94,9343.57,9308.53,9322.5,-,0,0
大盤,9999,2016/10/25,9338.09,9399.97,9334.8,9385.65,-,0,0
大盤,9999,2016/10/26,9355.66,9372.74,9338.84,9362.25,-,0,0
大盤,9999,2016/10/27,9363.9,9370.32,9286.86,9299.55,-,0,0
大盤,9999,2016/10/28,9307.39,9320.57,9276.71,9306.92,-,0,0
大盤,9999,2016/10/29,0,0,0,0,0,0,0
大盤,9999,2016/10/30,0,0,0,0,0,0,0
大盤,9999,2016/10/31,9283.2,9314.34,9194.48,9290.12,-,0,0
大盤,9999,2016/11/1,9272.3,9289.12,9236.82,9272.7,-,0,0
大盤,9999,2016/11/2,9230.23,9230.23,9139.04,9139.04,-,0,0
大盤,9999,2016/11/3,9126.29,9154.19,9067.27,9067.27,-,0,0
大盤,9999,2016/11/4,9065.11,9098.88,9048.21,9068.15,-,0,0
大盤,9999,2016/11/5,0,0,0,0,0,0,0
大盤,9999,2016/11/6,0,0,0,0,0,0,0
大盤,9999,2016/11/7,9102.97,9191.67,9102.97,9189.84,-,0,0
大盤,9999,2016/11/8,9214.95,9230.2,9165,9217.43,-,0,0
大盤,9999,2016/11/9,9252.27,9296.86,8926.6,8943.2,-,0,0
大盤,9999,2016/11/10,9070.64,9179.18,9070.64,9152.18,-,0,0
大盤,9999,2016/11/11,9067.65,9067.65,8949.38,8957.76,-,0,0
大盤,9999,2016/11/12,0,0,0,0,0,0,0
大盤,9999,2016/11/13,0,0,0,0,0,0,0
大盤,9999,2016/11/14,8955.27,8991.94,8879.69,8940.4,-,0,0
大盤,9999,2016/11/15,8927.92,8981.05,8923.36,8931.03,-,0,0
大盤,9999,2016/11/16,8955.76,9032.31,8955.76,8962.22,-,0,0
大盤,9999,2016/11/17,8984.57,8998.23,8936.3,8995.26,-,0,0
大盤,9999,2016/11/18,8991.5,9025.98,8958.22,9008.79,-,0,0
大盤,9999,2016/11/19,0,0,0,0,0,0,0
大盤,9999,2016/11/20,0,0,0,0,0,0,0
大盤,9999,2016/11/21,9009.78,9049.76,8986.4,9041.11,-,0,0
大盤,9999,2016/11/22,9058.58,9161.19,9058.58,9133.39,-,69,0
大盤,9999,2016/11/23,9146.72,9202.72,9146.72,9178.23,-,13,-123
大盤,9999,2016/11/24,9164.84,9183.16,9137.56,9152.11,-,0,0
大盤,9999,2016/11/25,9149.35,9191.34,9148.63,9159.07,-,0,0
大盤,9999,2016/11/26,0,0,0,0,0,0,0
大盤,9999,2016/11/27,0,0,0,0,0,0,0
大盤,9999,2016/11/28,9167.33,9241.54,9167.33,9222.24,-,0,0
大盤,9999,2016/11/29,9220.95,9249.06,9192.38,9192.38,-,0,0
大盤,9999,2016/11/30,9196.09,9240.71,9189.62,9240.71,-,0,0
大盤,9999,2016/12/1,9245.55,9278.96,9241.78,9263.53,-,0,0
大盤,9999,2016/12/2,9214.56,9214.56,9165.9,9189.49,-,270,0
大盤,9999,2016/12/3,0,0,0,0,0,0,0
大盤,9999,2016/12/4,0,0,0,0,0,0,0
大盤,9999,2016/12/5,9194.46,9212.19,9138.64,9160.66,-,0,0
大盤,9999,2016/12/6,9209.8,9280.65,9209.8,9250.77,-,0,0
大盤,9999,2016/12/7,9279,9299.92,9247.5,9263.89,-,0,0
大盤,9999,2016/12/8,9308.9,9376.41,9308.9,9375.86,-,0,0
大盤,9999,2016/12/9,9383.07,9399.25,9366.86,9392.68,-,115,0
大盤,9999,2016/12/10,0,0,0,0,0,68,0
大盤,9999,2016/12/11,0,0,0,0,0,0,0
大盤,9999,2016/12/12,9402.05,9430.34,9336.45,9349.94,-,195,0
大盤,9999,2016/12/13,9361.97,9382.14,9342.56,9382.14,-,64,0
大盤,9999,2016/12/14,9395.6,9413.13,9353.25,9368.52,-,0,0
大盤,9999,2016/12/15,9337.21,9370.51,9309.79,9360.35,-,0,0
大盤,9999,2016/12/16,9352.27,9379.75,9326.78,9326.78,-,0,0
大盤,9999,2016/12/17,0,0,0,0,0,0,0
大盤,9999,2016/12/18,0,0,0,0,0,0,0
大盤,9999,2016/12/19,9316.06,9317.03,9237.98,9239.32,-,0,0
大盤,9999,2016/12/20,9229.74,9258.69,9199.84,9242.41,-,0,0
大盤,9999,2016/12/21,9234.94,9263.5,9204.26,9204.26,-,0,0
大盤,9999,2016/12/22,9204.29,9209.72,9118.75,9118.75,-,0,0
大盤,9999,2016/12/23,9112.33,9128.83,9078.64,9078.64,-,0,0
大盤,9999,2016/12/24,0,0,0,0,0,0,-49
大盤,9999,2016/12/25,0,0,0,0,0,0,0
大盤,9999,2016/12/26,9088.99,9127.74,9083.28,9110.54,-,0,0
大盤,9999,2016/12/27,9120.88,9132.05,9100.83,9109.27,-,0,0
大盤,9999,2016/12/28,9120.9,9203.56,9120.9,9201.4,-,0,0
大盤,9999,2016/12/29,9172.39,9196.02,9149.16,9153.09,-,0,0
大盤,9999,2016/12/30,9186.3,9259.09,9186.3,9253.5,-,0,0
大盤,9999,2016/12/31,0,0,0,0,0,0,0
大盤,9999,2017/1/1,0,0,0,0,0,0,0
大盤,9999,2017/1/2,0,0,0,0,0,0,0
大盤,9999,2017/1/3,9252.56,9273.65,9235.95,9272.88,-,0,0
大盤,9999,2017/1/4,9279.52,9299.62,9266.03,9286.96,-,0,0
大盤,9999,2017/1/5,9282.56,9358.42,9282.45,9358.14,-,0,0
大盤,9999,2017/1/6,9371.41,9381.11,9351.25,9372.22,-,0,0
大盤,9999,2017/1/7,0,0,0,0,0,0,0
大盤,9999,2017/1/8,0,0,0,0,0,0,0
大盤,9999,2017/1/9,9376.48,9404.9,9328.19,9342.42,-,0,0
大盤,9999,2017/1/10,9344.19,9353.6,9319.45,9349.64,-,0,0
大盤,9999,2017/1/11,9370.17,9384,9333.49,9345.74,-,0,0
大盤,9999,2017/1/12,9356.12,9430.58,9356.12,9410.18,-,0,0
大盤,9999,2017/1/13,9373.7,9387.68,9352.08,9378.83,-,0,0
大盤,9999,2017/1/14,0,0,0,0,0,0,0
大盤,9999,2017/1/15,0,0,0,0,0,24,0
大盤,9999,2017/1/16,9356.54,9359.01,9281.21,9292.33,-,38,0
大盤,9999,2017/1/17,9301.96,9354.53,9294.68,9354.53,-,0,0
大盤,9999,2017/1/18,9344.74,9350.95,9322.44,9341.97,-,0,0
大盤,9999,2017/1/19,9324.83,9337.64,9287.54,9318.12,-,26,-11
大盤,9999,2017/1/20,9326.8,9350.07,9317.62,9331.46,-,0,0
大盤,9999,2017/1/21,0,0,0,0,0,0,0
大盤,9999,2017/1/22,0,0,0,0,0,0,0
大盤,9999,2017/1/23,9363.66,9427.46,9363.66,9424.05,-,38,0
大盤,9999,2017/1/24,9423.05,9468.34,9416.06,9447.95,-,0,0
大盤,9999,2017/1/25,0,0,0,0,0,58,0
大盤,9999,2017/1/26,0,0,0,0,0,0,0
大盤,9999,2017/1/27,0,0,0,0,0,0,0
大盤,9999,2017/1/28,0,0,0,0,0,0,0
大盤,9999,2017/1/29,0,0,0,0,0,0,0
大盤,9999,2017/1/30,0,0,0,0,0,0,0
大盤,9999,2017/1/31,0,0,0,0,0,0,0
大盤,9999,2017/2/1,0,0,0,0,0,0,0
大盤,9999,2017/2/2,9502.25,9521.34,9413.77,9428.97,-,0,0
大盤,9999,2017/2/3,9450.06,9478.01,9423.93,9455.56,-,0,0
大盤,9999,2017/2/4,0,0,0,0,0,0,0
大盤,9999,2017/2/5,0,0,0,0,0,0,0
大盤,9999,2017/2/6,9467.67,9548.68,9467.67,9538.01,-,0,0
大盤,9999,2017/2/7,9527.42,9555.8,9512.56,9554.56,-,77,0
大盤,9999,2017/2/8,9540.77,9564.07,9505.79,9543.25,-,0,0
大盤,9999,2017/2/9,9555.52,9600.09,9540.51,9590.18,-,0,0
大盤,9999,2017/2/10,9612.67,9688.15,9612.67,9665.59,-,0,0
大盤,9999,2017/2/11,0,0,0,0,0,35,0
大盤,9999,2017/2/12,0,0,0,0,0,113,0
大盤,9999,2017/2/13,9690.39,9711.43,9681.1,9710.32,-,71,0
大盤,9999,2017/2/14,9726.74,9760.01,9698.29,9718.78,-,0,0
大盤,9999,2017/2/15,9724.13,9813.98,9723.04,9799.76,-,0,0
大盤,9999,2017/2/16,9826.89,9869.59,9753.16,9771.25,-,12,0
大盤,9999,2017/2/17,9779.16,9791.59,9754.54,9759.76,-,0,0
大盤,9999,2017/2/18,0,0,0,0,0,0,0
大盤,9999,2017/2/19,0,0,0,0,0,0,0
大盤,9999,2017/2/20,0,0,0,0,0,0,0
鴻海,2317,2016/10/5,79.1,79.8,79.1,79.6,14112000,0,0
鴻海,2317,2016/10/6,80.2,80.3,80,80.2,24573000,0,0
鴻海,2317,2016/10/7,80.5,80.5,80,80,15143000,0,0
鴻海,2317,2016/10/8,0,0,0,0,0,0,0
鴻海,2317,2016/10/9,0,0,0,0,0,0,0
鴻海,2317,2016/10/10,0,0,0,0,0,0,0
鴻海,2317,2016/10/11,81,81.9,80.5,81.1,51522000,0,0
鴻海,2317,2016/10/12,81.5,81.7,80.9,81.6,38137000,0,0
鴻海,2317,2016/10/13,82.1,82.4,81.6,81.8,34698000,0,0
鴻海,2317,2016/10/14,81.6,81.7,80.7,81.2,22253000,0,0
鴻海,2317,2016/10/15,0,0,0,0,0,0,0
鴻海,2317,2016/10/16,0,0,0,0,0,0,0
鴻海,2317,2016/10/17,80.8,82,80.4,81.9,29510000,0,0
鴻海,2317,2016/10/18,81.9,82.2,81.6,82.1,32337000,0,0
鴻海,2317,2016/10/19,82.2,82.5,82.2,82.4,34296000,0,0
鴻海,2317,2016/10/20,82.8,83.5,82.7,83.5,39729000,0,0
鴻海,2317,2016/10/21,84,85,83.9,84.3,64493000,0,0
鴻海,2317,2016/10/22,0,0,0,0,0,0,0
鴻海,2317,2016/10/23,0,0,0,0,0,0,0
鴻海,2317,2016/10/24,84.9,85,84.1,84.2,31015000,0,0
鴻海,2317,2016/10/25,84.6,85.9,84.5,85.7,48372000,0,0
鴻海,2317,2016/10/26,85.2,85.9,85,85.6,36252000,0,0
鴻海,2317,2016/10/27,85.9,86.4,85,85.4,36783000,0,0
鴻海,2317,2016/10/28,85.9,85.9,84.6,84.8,29994000,0,0
鴻海,2317,2016/10/29,0,0,0,0,0,0,0
鴻海,2317,2016/10/30,0,0,0,0,0,0,0
鴻海,2317,2016/10/31,84.7,85.3,83.6,85.3,30717000,0,0
鴻海,2317,2016/11/1,85.3,85.4,84.4,84.6,23087000,0,0
鴻海,2317,2016/11/2,84,84.4,82.6,82.6,51342000,0,0
鴻海,2317,2016/11/3,82.1,83,81.6,81.7,42373000,0,0
鴻海,2317,2016/11/4,81.6,82.5,81.6,82,25482000,0,0
鴻海,2317,2016/11/5,0,0,0,0,0,0,0
鴻海,2317,2016/11/6,0,0,0,0,0,0,0
鴻海,2317,2016/11/7,82.5,83.6,82.3,83.5,29865000,0,0
鴻海,2317,2016/11/8,83.9,84,82.6,83,20286000,0,0
鴻海,2317,2016/11/9,84,84.2,80.1,80.4,69951000,0,0
鴻海,2317,2016/11/10,82.4,82.4,81.5,81.5,48394000,0,0
鴻海,2317,2016/11/11,79.5,80.3,79,79,72920000,0,0
鴻海,2317,2016/11/12,0,0,0,0,0,0,0
鴻海,2317,2016/11/13,0,0,0,0,0,0,0
鴻海,2317,2016/11/14,79.5,79.6,78.6,79,45896000,0,0
鴻海,2317,2016/11/15,78.7,79.8,78.7,79,33869000,0,0
鴻海,2317,2016/11/16,79.4,79.9,79,79,36628000,0,0
鴻海,2317,2016/11/17,79.8,80.6,79.3,80.6,"31,750,00",0,0
鴻海,2317,2016/11/18,80.6,81.3,79.8,80.9,32078000,0,0
鴻海,2317,2016/11/19,0,0,0,0,0,0,0
鴻海,2317,2016/11/20,0,0,0,0,0,0,0
鴻海,2317,2016/11/21,80.9,81.1,80.5,80.9,14256000,0,0
鴻海,2317,2016/11/22,81.3,81.7,81,81.2,28510000,0,0
鴻海,2317,2016/11/23,81.8,82.3,81.7,82,26300000,0,0
鴻海,2317,2016/11/24,81.5,81.7,81.1,81.1,16168000,0,0
鴻海,2317,2016/11/25,80.9,81,80.4,80.5,15960000,0,0
鴻海,2317,2016/11/26,0,0,0,0,0,0,0
鴻海,2317,2016/11/27,0,0,0,0,0,0,0
鴻海,2317,2016/11/28,81.4,81.4,80.7,81.3,15199000,0,0
鴻海,2317,2016/11/29,82,82.8,81.6,82,41593000,0,0
鴻海,2317,2016/11/30,82.2,82.9,81.3,82,49659000,0,0
鴻海,2317,2016/12/1,82.7,82.7,81.7,82.4,25702000,0,0
鴻海,2317,2016/12/2,81.5,81.9,81.3,81.7,27338000,0,0
鴻海,2317,2016/12/3,0,0,0,0,0,0,0
鴻海,2317,2016/12/4,0,0,0,0,0,0,0
鴻海,2317,2016/12/5,81.6,81.9,81.1,81.3,15762000,0,0
鴻海,2317,2016/12/6,82.1,82.4,81.9,82.3,29561000,0,0
鴻海,2317,2016/12/7,83.2,83.4,82.8,83.1,36830000,0,0
鴻海,2317,2016/12/8,84,84.8,83.7,84.8,82690000,0,0
鴻海,2317,2016/12/9,85.5,85.6,84.7,85,47411000,0,0
鴻海,2317,2016/12/10,0,0,0,0,0,0,0
鴻海,2317,2016/12/11,0,0,0,0,0,0,0
鴻海,2317,2016/12/12,84.5,84.9,83.3,83.4,35174000,0,0
鴻海,2317,2016/12/13,84,84.4,83.6,84.4,36232000,0,0
鴻海,2317,2016/12/14,84.9,85,83.7,83.7,29945000,0,0
鴻海,2317,2016/12/15,83.5,84.3,83.5,84.2,32972000,0,0
鴻海,2317,2016/12/16,83.9,84.5,83.6,83.6,35475000,0,0
鴻海,2317,2016/12/17,0,0,0,0,0,0,0
鴻海,2317,2016/12/18,0,0,0,0,0,0,0
鴻海,2317,2016/12/19,83.5,83.7,82.8,82.8,24182000,0,0
鴻海,2317,2016/12/20,83.5,83.8,83,83.7,23443000,0,0
鴻海,2317,2016/12/21,84.1,84.2,83.3,83.3,32729000,0,0
鴻海,2317,2016/12/22,83.6,83.6,82.7,82.8,27876000,0,0
鴻海,2317,2016/12/23,82.7,83.5,82.6,82.7,21756000,0,0
鴻海,2317,2016/12/24,0,0,0,0,0,0,0
鴻海,2317,2016/12/25,0,0,0,0,0,0,0
鴻海,2317,2016/12/26,82.8,83.3,82.8,83.3,8022000,0,0
鴻海,2317,2016/12/27,83.5,83.6,83,83.5,8402000,0,0
鴻海,2317,2016/12/28,83.1,84,83.1,84,15574000,0,0
鴻海,2317,2016/12/29,83.1,84.3,83.1,83.6,23649000,0,0
鴻海,2317,2016/12/30,84.2,84.4,84,84.2,21401000,0,0
鴻海,2317,2016/12/31,0,0,0,0,0,0,0
鴻海,2317,2017/1/1,0,0,0,0,0,0,0
鴻海,2317,2017/1/2,0,0,0,0,0,0,0
鴻海,2317,2017/1/3,83.7,84.3,83.7,84.3,15240000,0,0
鴻海,2317,2017/1/4,84.3,84.6,84.2,84.2,23568000,0,0
鴻海,2317,2017/1/5,84.4,84.5,83.8,84,25183000,0,0
鴻海,2317,2017/1/6,84.5,84.5,83.8,83.8,21793000,0,0
鴻海,2317,2017/1/7,0,0,0,0,0,0,0
鴻海,2317,2017/1/8,0,0,0,0,0,0,0
鴻海,2317,2017/1/9,84.1,84.3,83.5,83.5,16140000,0,0
鴻海,2317,2017/1/10,83.9,84.1,83.6,84,15806000,0,0
鴻海,2317,2017/1/11,84.4,84.4,83.4,84.2,26852000,0,0
鴻海,2317,2017/1/12,84.2,84.4,83.6,84.3,27821000,0,0
鴻海,2317,2017/1/13,84.3,84.4,83.9,84.2,22548000,0,0
鴻海,2317,2017/1/14,0,0,0,0,0,0,0
鴻海,2317,2017/1/15,0,0,0,0,0,137,0
鴻海,2317,2017/1/16,84,84,83.5,83.5,16072000,190,0
鴻海,2317,2017/1/17,83.8,84,83.5,84,14430000,23,0
鴻海,2317,2017/1/18,84,84.1,83.3,83.3,18945000,0,0
鴻海,2317,2017/1/19,83.3,83.8,83,83.5,21094000,0,0
鴻海,2317,2017/1/20,84,84,83.4,83.4,16928000,0,0
鴻海,2317,2017/1/21,0,0,0,0,0,0,0
鴻海,2317,2017/1/22,0,0,0,0,0,0,0
鴻海,2317,2017/1/23,83.5,84,83.4,84,27674000,0,0
鴻海,2317,2017/1/24,83.6,84,83.6,83.7,25157000,0,0
鴻海,2317,2017/1/25,0,0,0,0,0,0,0
鴻海,2317,2017/1/26,0,0,0,0,0,0,0
鴻海,2317,2017/1/27,0,0,0,0,0,0,0
鴻海,2317,2017/1/28,0,0,0,0,0,0,0
鴻海,2317,2017/1/29,0,0,0,0,0,0,0
鴻海,2317,2017/1/30,0,0,0,0,0,0,0
鴻海,2317,2017/1/31,0,0,0,0,0,0,0
鴻海,2317,2017/2/1,0,0,0,0,0,0,0
鴻海,2317,2017/2/2,85.7,85.7,83.2,84.1,71270000,0,0
鴻海,2317,2017/2/3,83.8,84.1,83.5,83.7,34234000,18,0
鴻海,2317,2017/2/4,0,0,0,0,0,0,0
鴻海,2317,2017/2/5,0,0,0,0,0,0,0
鴻海,2317,2017/2/6,84.2,85,84,85,44282000,34,0
鴻海,2317,2017/2/7,85.5,85.8,84.6,85.8,56538000,0,0
鴻海,2317,2017/2/8,86,87.5,85.8,87.5,96381000,0,0
鴻海,2317,2017/2/9,88,88.9,87.7,88.9,94489000,0,0
鴻海,2317,2017/2/10,89,89.8,88.5,89.1,80656000,0,0
鴻海,2317,2017/2/11,0,0,0,0,0,0,0
鴻海,2317,2017/2/12,0,0,0,0,0,0,0
鴻海,2317,2017/2/13,89.4,89.9,88.8,89.9,52725000,0,0
鴻海,2317,2017/2/14,90.6,90.7,89.6,90,73850000,0,0
鴻海,2317,2017/2/15,90.5,91,90.1,90.9,74238000,0,0
鴻海,2317,2017/2/16,91.5,91.8,90,91,47500000,0,0
鴻海,2317,2017/2/17,90.4,90.9,90,90,29520000,0,0
鴻海,2317,2017/2/18,0,0,0,0,0,0,0
鴻海,2317,2017/2/19,0,0,0,0,0,0,0
鴻海,2317,2017/2/20,0,0,0,0,0,0,0
玉晶光,3406,2016/10/5,53.3,53.3,52.6,52.6,321000,0,0
玉晶光,3406,2016/10/6,53.2,53.2,52.6,52.7,402000,0,0
玉晶光,3406,2016/10/7,54.5,54.5,53.1,53.1,558000,0,0
玉晶光,3406,2016/10/8,0,0,0,0,0,0,0
玉晶光,3406,2016/10/9,0,0,0,0,0,0,0
玉晶光,3406,2016/10/10,0,0,0,0,0,0,0
玉晶光,3406,2016/10/11,52.9,52.9,51.5,51.9,721000,0,0
玉晶光,3406,2016/10/12,51.3,51.8,51.3,51.3,576000,0,0
玉晶光,3406,2016/10/13,51.2,51.5,50.3,50.4,695000,0,0
玉晶光,3406,2016/10/14,50.1,50.1,49.15,49.5,779000,0,0
玉晶光,3406,2016/10/15,0,0,0,0,0,0,0
玉晶光,3406,2016/10/16,0,0,0,0,0,0,0
玉晶光,3406,2016/10/17,49.3,50.5,48.6,49.8,443000,0,0
玉晶光,3406,2016/10/18,50,50.2,49.55,50.1,153000,0,0
玉晶光,3406,2016/10/19,50.5,50.7,50.2,50.5,293000,0,0
玉晶光,3406,2016/10/20,50.8,51.8,50.5,50.8,386000,0,0
玉晶光,3406,2016/10/21,50.9,51.5,50.9,51.1,208000,0,0
玉晶光,3406,2016/10/22,0,0,0,0,0,0,0
玉晶光,3406,2016/10/23,0,0,0,0,0,0,0
玉晶光,3406,2016/10/24,51.5,51.7,51.1,51.3,215000,0,0
玉晶光,3406,2016/10/25,51.4,51.7,50.8,50.8,235000,0,0
玉晶光,3406,2016/10/26,50.8,51.7,50.6,51.6,306000,0,0
玉晶光,3406,2016/10/27,51.9,51.9,50.7,50.8,247000,0,0
玉晶光,3406,2016/10/28,50.9,51.2,50.6,50.6,207000,0,0
玉晶光,3406,2016/10/29,0,0,0,0,0,0,0
玉晶光,3406,2016/10/30,0,0,0,0,0,0,0
玉晶光,3406,2016/10/31,50.3,50.6,50,50.4,130000,0,0
玉晶光,3406,2016/11/1,50.2,50.8,50.2,50.2,151000,0,0
玉晶光,3406,2016/11/2,50,50.1,49.15,49.35,467000,0,0
玉晶光,3406,2016/11/3,49.35,49.55,48,48.4,440000,0,0
玉晶光,3406,2016/11/4,48.4,48.8,48,48.45,252000,0,0
玉晶光,3406,2016/11/5,0,0,0,0,0,0,0
玉晶光,3406,2016/11/6,0,0,0,0,0,0,0
玉晶光,3406,2016/11/7,51.6,53.2,50,50,1123000,0,0
玉晶光,3406,2016/11/8,50.1,50.4,49.25,49.4,367000,0,0
玉晶光,3406,2016/11/9,49.9,50.3,47.3,47.3,623000,0,0
玉晶光,3406,2016/11/10,49,49.3,48.25,48.75,448000,0,0
玉晶光,3406,2016/11/11,52,52.9,51.4,52,3686000,0,0
玉晶光,3406,2016/11/12,0,0,0,0,0,0,0
玉晶光,3406,2016/11/13,0,0,0,0,0,0,0
玉晶光,3406,2016/11/14,52.7,54,51.8,52.3,2117000,0,0
玉晶光,3406,2016/11/15,53.3,54.6,52.8,53.5,1789000,0,0
玉晶光,3406,2016/11/16,54.3,54.7,53.5,53.8,1361000,0,0
玉晶光,3406,2016/11/17,54.8,59.1,54.6,59.1,7138000,0,0
玉晶光,3406,2016/11/18,59.9,65,59.1,65,12311000,0,0
玉晶光,3406,2016/11/19,0,0,0,0,0,0,0
玉晶光,3406,2016/11/20,0,0,0,0,0,0,0
玉晶光,3406,2016/11/21,66.1,69,65.8,68,11642000,0,0
玉晶光,3406,2016/11/22,74.8,74.8,74.8,74.8,3026000,0,0
玉晶光,3406,2016/11/23,82.2,82.2,79.2,82.2,8097000,0,0
玉晶光,3406,2016/11/24,81.5,87.7,80.5,86,20903000,0,0
玉晶光,3406,2016/11/25,85.2,94.6,85,94.5,7174000,0,0
玉晶光,3406,2016/11/26,0,0,0,0,0,0,0
玉晶光,3406,2016/11/27,0,0,0,0,0,0,0
玉晶光,3406,2016/11/28,95,95,86.2,87.6,7630000,0,0
玉晶光,3406,2016/11/29,88.4,94.6,88,92.8,6410000,0,0
玉晶光,3406,2016/11/30,93.8,95.3,88,92.3,6166000,0,0
玉晶光,3406,2016/12/1,92.3,92.3,88,88.5,4030000,0,0
玉晶光,3406,2016/12/2,88.8,91.6,88,91,4255000,0,0
玉晶光,3406,2016/12/3,0,0,0,0,0,0,0
玉晶光,3406,2016/12/4,0,0,0,0,0,0,0
玉晶光,3406,2016/12/5,92.8,93.9,90.6,93.8,4088000,0,0
玉晶光,3406,2016/12/6,96,98.7,95,95,7531000,0,0
玉晶光,3406,2016/12/7,94.5,96.4,93.9,96.4,3553000,0,0
玉晶光,3406,2016/12/8,96.4,96.4,90.4,91,5712000,0,0
玉晶光,3406,2016/12/9,90.7,100,89.6,100,15498000,0,0
玉晶光,3406,2016/12/10,0,0,0,0,0,0,0
玉晶光,3406,2016/12/11,0,0,0,0,0,0,0
玉晶光,3406,2016/12/12,104,110,103.5,110,16044000,0,0
玉晶光,3406,2016/12/13,112,116,108,116,17272000,0,0
玉晶光,3406,2016/12/14,115,120.5,111,115.5,21518000,0,0
玉晶光,3406,2016/12/15,113.5,117.5,111.5,117.5,9240000,0,0
玉晶光,3406,2016/12/16,120,121.5,116,117.5,15508000,0,0
玉晶光,3406,2016/12/17,0,0,0,0,0,0,0
玉晶光,3406,2016/12/18,0,0,0,0,0,0,0
玉晶光,3406,2016/12/19,117.5,118.5,106,106,16797000,0,0
玉晶光,3406,2016/12/20,106,110.5,104.5,110,14294000,0,0
玉晶光,3406,2016/12/21,112,112.5,106.5,109,10616000,0,0
玉晶光,3406,2016/12/22,108.5,108.5,103,103.5,8549000,0,0
玉晶光,3406,2016/12/23,105,107,103,104,8264000,0,0
玉晶光,3406,2016/12/24,0,0,0,0,0,94,0
玉晶光,3406,2016/12/25,0,0,0,0,0,0,0
玉晶光,3406,2016/12/26,103.5,104.5,98.5,100,10896000,0,-55
玉晶光,3406,2016/12/27,101,103,99.7,102,8499000,0,0
玉晶光,3406,2016/12/28,108,112,107,112,8535000,0,0
玉晶光,3406,2016/12/29,114,115.5,109.5,109.5,17485000,0,0
玉晶光,3406,2016/12/30,109.5,112,107,112,8246000,0,0
玉晶光,3406,2016/12/31,0,0,0,0,0,0,0
玉晶光,3406,2017/1/1,0,0,0,0,0,0,0
玉晶光,3406,2017/1/2,0,0,0,0,0,0,0
玉晶光,3406,2017/1/3,111.5,111.5,108.5,109.5,4412000,0,0
玉晶光,3406,2017/1/4,110.5,113,108.5,109,5850000,0,0
玉晶光,3406,2017/1/5,110.5,114,109.5,111.5,9639000,0,0
玉晶光,3406,2017/1/6,112,112.5,109,109,4311000,0,0
玉晶光,3406,2017/1/7,0,0,0,0,0,0,0
玉晶光,3406,2017/1/8,0,0,0,0,0,0,0
玉晶光,3406,2017/1/9,109,111.5,104,105.5,8534000,0,0
玉晶光,3406,2017/1/10,105,107,103,107,4402000,0,0
玉晶光,3406,2017/1/11,108,109.5,105,105,3856000,0,0
玉晶光,3406,2017/1/12,106,107.5,105.5,107.5,3906000,0,0
玉晶光,3406,2017/1/13,108.5,118,107.5,118,26205000,0,0
玉晶光,3406,2017/1/14,0,0,0,0,0,0,0
玉晶光,3406,2017/1/15,0,0,0,0,0,0,0
玉晶光,3406,2017/1/16,121,122.5,118.5,118.5,18586000,0,0
玉晶光,3406,2017/1/17,119.5,130,118,130,16255000,0,0
玉晶光,3406,2017/1/18,133.5,143,133,143,27372000,0,0
玉晶光,3406,2017/1/19,148.5,157,142,145.5,40668000,0,0
玉晶光,3406,2017/1/20,145,153.5,140.5,148.5,9324000,0,0
玉晶光,3406,2017/1/21,0,0,0,0,0,74,0
玉晶光,3406,2017/1/22,0,0,0,0,0,41,0
玉晶光,3406,2017/1/23,163,163,160.5,163,5098000,0,0
玉晶光,3406,2017/1/24,168,179,168,179,8100000,0,0
玉晶光,3406,2017/1/25,0,0,0,0,0,0,0
玉晶光,3406,2017/1/26,0,0,0,0,0,0,0
玉晶光,3406,2017/1/27,0,0,0,0,0,0,0
玉晶光,3406,2017/1/28,0,0,0,0,0,0,0
玉晶光,3406,2017/1/29,0,0,0,0,0,0,0
玉晶光,3406,2017/1/30,0,0,0,0,0,0,-137
玉晶光,3406,2017/1/31,0,0,0,0,0,86,0
玉晶光,3406,2017/2/1,0,0,0,0,0,0,0
玉晶光,3406,2017/2/2,172.5,196.5,172.5,196.5,2122000,0,0
玉晶光,3406,2017/2/3,216,216,184,208,3508000,0,0
玉晶光,3406,2017/2/4,0,0,0,0,0,0,0
玉晶光,3406,2017/2/5,0,0,0,0,0,0,0
玉晶光,3406,2017/2/6,208,208,187.5,187.5,2346000,0,0
玉晶光,3406,2017/2/7,182.5,182.5,170,179.5,4122000,0,0
玉晶光,3406,2017/2/8,175.5,178.5,170,170.5,1981000,0,0
玉晶光,3406,2017/2/9,187.5,187.5,179.5,187.5,2316000,0,0
玉晶光,3406,2017/2/10,188,197.5,187,187,1576000,0,0
玉晶光,3406,2017/2/11,0,0,0,0,0,0,0
玉晶光,3406,2017/2/12,0,0,0,0,0,0,0
玉晶光,3406,2017/2/13,185,192,185,191,845000,0,0
玉晶光,3406,2017/2/14,198,204,195.5,197.5,1227000,0,0
玉晶光,3406,2017/2/15,204,204,187.5,195,1240000,0,0
玉晶光,3406,2017/2/16,205,214.5,196,214.5,18760000,0,0
玉晶光,3406,2017/2/17,217.5,235.5,216,235.5,18938000,0,0
玉晶光,3406,2017/2/18,0,0,0,0,0,0,0
玉晶光,3406,2017/2/19,0,0,0,0,0,0,0
玉晶光,3406,2017/2/20,0,0,0,0,0,0,0
大同,2371,2016/10/5,7.72,7.76,7.38,7.4,26903000,0,0
大同,2371,2016/10/6,7.33,7.54,7.24,7.54,28474000,0,0
大同,2371,2016/10/7,7.6,7.67,7.29,7.31,51282000,0,0
大同,2371,2016/10/8,0,0,0,0,0,0,0
大同,2371,2016/10/9,0,0,0,0,0,0,0
大同,2371,2016/10/10,0,0,0,0,0,0,0
大同,2371,2016/10/11,7.33,7.54,7.23,7.54,38177000,0,0
大同,2371,2016/10/12,7.47,7.56,7.35,7.56,22763000,0,0
大同,2371,2016/10/13,7.5,7.51,7.34,7.34,14174000,0,0
大同,2371,2016/10/14,7.31,7.41,7.22,7.32,91632000,0,0
大同,2371,2016/10/15,0,0,0,0,0,0,0
大同,2371,2016/10/16,0,0,0,0,0,0,0
大同,2371,2016/10/17,7.45,7.64,7.42,7.54,27239000,0,0
大同,2371,2016/10/18,7.48,8.14,7.35,8.03,69268000,0,0
大同,2371,2016/10/19,8.08,8.22,7.96,8.05,38123000,0,0
大同,2371,2016/10/20,8.08,8.27,7.98,8.11,30684000,0,0
大同,2371,2016/10/21,8.05,8.2,8.03,8.05,20711000,0,0
大同,2371,2016/10/22,0,0,0,0,0,0,0
大同,2371,2016/10/23,0,0,0,0,0,0,0
大同,2371,2016/10/24,8.05,8.18,8.02,8.02,11233000,0,0
大同,2371,2016/10/25,7.97,8.09,7.85,7.87,13988000,0,0
大同,2371,2016/10/26,7.93,8.21,7.79,8.19,33550000,0,0
大同,2371,2016/10/27,8.14,8.27,8.1,8.22,20191000,0,0
大同,2371,2016/10/28,8.23,8.38,8.12,8.34,25328000,0,0
大同,2371,2016/10/29,0,0,0,0,0,0,0
大同,2371,2016/10/30,0,0,0,0,0,0,0
大同,2371,2016/10/31,8.3,8.42,8.16,8.31,16038000,0,0
大同,2371,2016/11/1,8.28,8.42,8.23,8.23,16443000,0,0
大同,2371,2016/11/2,8.18,8.34,7.92,8.05,42249000,0,0
大同,2371,2016/11/3,8.07,8.15,7.98,8.15,38927000,0,0
大同,2371,2016/11/4,8.17,8.4,8.17,8.32,31706000,0,0
大同,2371,2016/11/5,0,0,0,0,0,0,0
大同,2371,2016/11/6,0,0,0,0,0,0,0
大同,2371,2016/11/7,8.4,8.72,8.4,8.6,40096000,0,0
大同,2371,2016/11/8,8.67,8.71,8.46,8.7,39745000,0,0
大同,2371,2016/11/9,8.7,8.75,8.24,8.46,43673000,0,0
大同,2371,2016/11/10,8.76,9.24,8.71,9.07,57860000,0,0
大同,2371,2016/11/11,9.05,9.05,8.75,8.82,31133000,0,0
大同,2371,2016/11/12,0,0,0,0,0,0,0
大同,2371,2016/11/13,0,0,0,0,0,0,0
大同,2371,2016/11/14,8.84,8.87,8.6,8.62,15861000,0,0
大同,2371,2016/11/15,8.68,9.07,8.59,9.07,30311000,0,0
大同,2371,2016/11/16,9.2,9.42,9,9.4,52102000,0,0
大同,2371,2016/11/17,9.41,9.58,9.32,9.58,40996000,0,0
大同,2371,2016/11/18,9.57,9.76,9.49,9.56,27527000,0,0
大同,2371,2016/11/19,0,0,0,0,0,0,0
大同,2371,2016/11/20,0,0,0,0,0,0,0
大同,2371,2016/11/21,9.46,9.62,9.46,9.53,17473000,0,0
大同,2371,2016/11/22,9.58,9.67,9.47,9.49,18575000,0,0
大同,2371,2016/11/23,9.56,9.56,9.4,9.48,21558000,0,0
大同,2371,2016/11/24,9.56,9.62,9.41,9.41,18718000,0,0
大同,2371,2016/11/25,9.4,9.53,9.35,9.53,16823000,0,0
大同,2371,2016/11/26,0,0,0,0,0,0,0
大同,2371,2016/11/27,0,0,0,0,0,0,0
大同,2371,2016/11/28,9.62,9.72,9.53,9.53,13483000,0,0
大同,2371,2016/11/29,9.55,9.68,9.49,9.65,14874000,0,0
大同,2371,2016/11/30,9.67,9.89,9.65,9.84,25922000,0,0
大同,2371,2016/12/1,9.85,9.89,9.68,9.81,21614000,0,0
大同,2371,2016/12/2,9.78,9.8,9.67,9.67,15154000,0,0
大同,2371,2016/12/3,0,0,0,0,0,0,0
大同,2371,2016/12/4,0,0,0,0,0,0,0
大同,2371,2016/12/5,9.67,9.72,9.4,9.45,13628000,0,0
大同,2371,2016/12/6,9.52,9.56,9.39,9.41,10240000,0,0
大同,2371,2016/12/7,9.43,9.55,9.43,9.5,9019000,0,0
大同,2371,2016/12/8,9.54,9.56,9.45,9.45,8450000,0,0
大同,2371,2016/12/9,9.46,9.5,9.15,9.19,13374000,0,0
大同,2371,2016/12/10,0,0,0,0,0,0,0
大同,2371,2016/12/11,0,0,0,0,0,0,0
大同,2371,2016/12/12,9.19,9.24,9.01,9.01,14503000,0,0
大同,2371,2016/12/13,9.04,9.27,9.01,9.25,9909000,0,0
大同,2371,2016/12/14,9.25,9.29,9.18,9.19,7306000,0,0
大同,2371,2016/12/15,9.15,9.17,9.11,9.11,7040000,0,0
大同,2371,2016/12/16,9.08,9.27,9.05,9.05,14054000,0,0
大同,2371,2016/12/17,0,0,0,0,0,0,0
大同,2371,2016/12/18,0,0,0,0,0,0,0
大同,2371,2016/12/19,9.09,9.14,8.77,8.77,15153000,0,0
大同,2371,2016/12/20,8.8,9.39,8.7,9.36,30145000,0,0
大同,2371,2016/12/21,9.33,9.74,9.31,9.63,35480000,0,0
大同,2371,2016/12/22,9.55,9.68,9.45,9.45,15659000,0,0
大同,2371,2016/12/23,9.42,9.51,9.3,9.44,10291000,0,0
大同,2371,2016/12/24,0,0,0,0,0,0,0
大同,2371,2016/12/25,0,0,0,0,0,0,0
大同,2371,2016/12/26,9.44,9.48,9.33,9.43,5083000,0,0
大同,2371,2016/12/27,9.43,9.53,9.37,9.48,6171000,0,0
大同,2371,2016/12/28,9.48,9.55,9.45,9.47,5613000,0,0
大同,2371,2016/12/29,9.47,9.52,9.41,9.52,6307000,0,0
大同,2371,2016/12/30,9.48,9.54,9.47,9.54,5392000,0,0
大同,2371,2016/12/31,0,0,0,0,0,0,0
大同,2371,2017/1/1,0,0,0,0,0,0,0
大同,2371,2017/1/2,0,0,0,0,0,0,0
大同,2371,2017/1/3,9.54,9.61,9.51,9.61,8256000,0,0
大同,2371,2017/1/4,9.52,9.62,9.52,9.6,5912000,0,0
大同,2371,2017/1/5,9.59,9.62,9.52,9.6,5856000,0,0
大同,2371,2017/1/6,9.58,9.65,9.54,9.65,5133000,0,0
大同,2371,2017/1/7,0,0,0,0,0,0,0
大同,2371,2017/1/8,0,0,0,0,0,0,0
大同,2371,2017/1/9,9.64,9.7,9.6,9.7,8155000,0,0
大同,2371,2017/1/10,9.69,10.65,9.68,10.65,90870000,0,0
大同,2371,2017/1/11,10.65,11.7,10.5,11.7,137785000,0,0
大同,2371,2017/1/12,11.8,12.8,11.65,12.3,166573000,0,0
大同,2371,2017/1/13,12.3,12.7,12.15,12.3,78942000,0,0
大同,2371,2017/1/14,0,0,0,0,0,0,0
大同,2371,2017/1/15,0,0,0,0,0,0,0
大同,2371,2017/1/16,12.3,13.15,12.3,13.1,98525000,0,0
大同,2371,2017/1/17,13.25,13.5,12.5,12.95,140753000,0,0
大同,2371,2017/1/18,13.25,14,12.95,13.75,100776000,0,0
大同,2371,2017/1/19,13.6,14.35,13.55,14.05,88270000,48,0
大同,2371,2017/1/20,14.05,14.25,13.85,13.9,48730000,0,0
大同,2371,2017/1/21,0,0,0,0,0,0,0
大同,2371,2017/1/22,0,0,0,0,0,0,0
大同,2371,2017/1/23,14.1,15.25,13.9,15.25,91211000,0,0
大同,2371,2017/1/24,15.5,16.75,15.4,16.75,143757000,0,0
大同,2371,2017/1/25,0,0,0,0,0,0,0
大同,2371,2017/1/26,0,0,0,0,0,0,0
大同,2371,2017/1/27,0,0,0,0,0,0,0
大同,2371,2017/1/28,0,0,0,0,0,0,0
大同,2371,2017/1/29,0,0,0,0,0,0,0
大同,2371,2017/1/30,0,0,0,0,0,0,0
大同,2371,2017/1/31,0,0,0,0,0,0,0
大同,2371,2017/2/1,0,0,0,0,0,0,0
大同,2371,2017/2/2,17.5,18.4,17.5,18.35,95571000,87,0
大同,2371,2017/2/3,18.85,19.85,16.65,16.95,217077000,0,0
大同,2371,2017/2/4,0,0,0,0,0,0,0
大同,2371,2017/2/5,0,0,0,0,0,0,0
大同,2371,2017/2/6,17.5,18.1,17.25,17.9,123878000,0,0
大同,2371,2017/2/7,18.4,18.6,17.6,17.95,98100000,0,0
大同,2371,2017/2/8,18.2,18.4,17.85,17.95,55890000,0,0
大同,2371,2017/2/9,18.2,19.7,17.7,19.7,118149000,39,0
大同,2371,2017/2/10,20.4,20.65,18.6,18.6,144647000,56,0
大同,2371,2017/2/11,0,0,0,0,0,0,0
大同,2371,2017/2/12,0,0,0,0,0,0,0
大同,2371,2017/2/13,18.75,18.9,17.5,18.5,92266000,0,0
大同,2371,2017/2/14,18.45,18.6,17.65,17.65,48038000,0,0
大同,2371,2017/2/15,17.7,17.75,16.4,16.4,76174000,0,0
大同,2371,2017/2/16,16.6,17.3,15.9,16.25,132032000,0,0
大同,2371,2017/2/17,16.55,16.8,16.2,16.35,64864000,0,0
大同,2371,2017/2/18,0,0,0,0,0,0,0
大同,2371,2017/2/19,0,0,0,0,0,0,0
大同,2371,2017/2/20,0,0,0,0,0,0,0
興航,6702,2016/10/5,6.13,6.19,6.13,6.17,203000,0,0
興航,6702,2016/10/6,6.2,6.26,6.19,6.24,448000,0,0
興航,6702,2016/10/7,6.24,6.24,6.18,6.2,274000,0,0
興航,6702,2016/10/8,0,0,0,0,0,0,0
興航,6702,2016/10/9,0,0,0,0,0,0,0
興航,6702,2016/10/10,0,0,0,0,0,0,0
興航,6702,2016/10/11,6.25,6.25,6.15,6.2,316000,0,0
興航,6702,2016/10/12,6.2,6.2,6.15,6.18,220000,0,0
興航,6702,2016/10/13,6.2,6.2,6.15,6.17,150000,0,0
興航,6702,2016/10/14,6.17,6.24,6.13,6.18,261000,0,0
興航,6702,2016/10/15,0,0,0,0,0,0,0
興航,6702,2016/10/16,0,0,0,0,0,0,0
興航,6702,2016/10/17,6.16,6.16,6.12,6.13,185000,0,0
興航,6702,2016/10/18,6.13,6.17,6.13,6.16,119000,0,0
興航,6702,2016/10/19,6.16,6.18,6.13,6.16,180000,0,0
興航,6702,2016/10/20,6.17,6.17,6.15,6.17,330000,0,0
興航,6702,2016/10/21,6.19,6.19,6.15,6.15,284000,0,0
興航,6702,2016/10/22,0,0,0,0,0,0,0
興航,6702,2016/10/23,0,0,0,0,0,0,0
興航,6702,2016/10/24,6.19,6.19,6.15,6.17,114000,0,0
興航,6702,2016/10/25,6.17,6.17,6.15,6.17,159000,0,0
興航,6702,2016/10/26,6.17,6.18,6.12,6.18,408000,0,0
興航,6702,2016/10/27,6.18,6.19,6.14,6.18,297000,0,0
興航,6702,2016/10/28,6.19,6.19,6.14,6.16,437000,0,0
興航,6702,2016/10/29,0,0,0,0,0,0,0
興航,6702,2016/10/30,0,0,0,0,0,0,0
興航,6702,2016/10/31,6.2,6.2,6.1,6.15,450000,0,0
興航,6702,2016/11/1,6.17,6.17,6.07,6.07,701000,0,0
興航,6702,2016/11/2,6.09,6.09,6.01,6.03,861000,0,0
興航,6702,2016/11/3,6.03,6.03,5.97,6.01,911000,0,0
興航,6702,2016/11/4,5.99,6,5.96,5.99,395000,0,0
興航,6702,2016/11/5,0,0,0,0,0,0,0
興航,6702,2016/11/6,0,0,0,0,0,0,0
興航,6702,2016/11/7,6,6.01,5.97,5.98,305000,0,0
興航,6702,2016/11/8,5.99,5.99,5.92,5.95,252000,0,0
興航,6702,2016/11/9,5.95,5.97,5.68,5.7,1198000,0,0
興航,6702,2016/11/10,5.8,5.85,5.75,5.78,589000,0,0
興航,6702,2016/11/11,5.72,5.72,5.6,5.61,1333000,0,0
興航,6702,2016/11/12,0,0,0,0,0,0,0
興航,6702,2016/11/13,0,0,0,0,0,0,0
興航,6702,2016/11/14,5.59,5.61,5.51,5.58,979000,0,0
興航,6702,2016/11/15,5.59,5.59,5.48,5.48,1069000,0,0
興航,6702,2016/11/16,5.47,5.6,5.47,5.6,535000,0,0
興航,6702,2016/11/17,5.75,5.75,5.58,5.65,306000,0,0
興航,6702,2016/11/18,5.67,5.67,5.55,5.6,398000,0,0
興航,6702,2016/11/19,0,0,0,0,0,0,0
興航,6702,2016/11/20,0,0,0,0,0,0,0
興航,6702,2016/11/21,5.61,5.61,5.04,5.2,10624000,0,0
興航,6702,2016/11/22,0,0,0,0,0,0,0
興航,6702,2016/11/23,4.68,4.68,4.68,4.68,879000,112,-24
興航,6702,2016/11/24,4.22,4.22,4.22,4.22,208000,0,0
興航,6702,2016/11/25,3.8,3.8,3.8,3.8,192000,0,0
興航,6702,2016/11/26,0,0,0,0,0,0,0
興航,6702,2016/11/27,0,0,0,0,0,0,0
興航,6702,2016/11/28,3.42,3.42,3.42,3.42,285000,0,0
興航,6702,2016/11/29,3.08,3.76,3.08,3.76,55676000,53,0
興航,6702,2016/11/30,3.39,3.39,3.39,3.39,3412000,0,0
興航,6702,2016/12/1,3.06,3.06,3.06,3.06,68000,0,0
興航,6702,2016/12/2,2.76,2.76,2.76,2.76,101000,0,0
興航,6702,2016/12/3,0,0,0,0,0,0,0
興航,6702,2016/12/4,0,0,0,0,0,0,0
興航,6702,2016/12/5,2.49,2.49,2.49,2.49,8000,0,0
興航,6702,2016/12/6,2.25,2.25,2.25,2.25,37000,0,0
興航,6702,2016/12/7,2.03,2.03,2.03,2.03,51000,0,0
興航,6702,2016/12/8,1.83,1.83,1.83,1.83,52000,0,0
興航,6702,2016/12/9,1.65,1.65,1.65,1.65,651000,0,0
興航,6702,2016/12/10,0,0,0,0,0,0,0
興航,6702,2016/12/11,0,0,0,0,0,0,0
興航,6702,2016/12/12,1.49,1.49,1.49,1.49,251000,0,0
興航,6702,2016/12/13,1.35,1.35,1.35,1.35,126000,0,0
興航,6702,2016/12/14,1.22,1.22,1.22,1.22,385000,0,0
興航,6702,2016/12/15,1.1,1.1,1.1,1.1,423000,0,0
興航,6702,2016/12/16,0.99,0.99,0.99,0.99,43355000,0,0
興航,6702,2016/12/17,0,0,0,0,0,0,0
興航,6702,2016/12/18,0,0,0,0,0,0,0
興航,6702,2016/12/19,1,1.08,1,1.08,33326000,0,0
興航,6702,2016/12/20,1.18,1.18,0.98,0.98,20745000,0,0
興航,6702,2016/12/21,0.89,0.89,0.89,0.89,982000,0,0
興航,6702,2016/12/22,0.81,0.81,0.81,0.81,1048000,0,0
興航,6702,2016/12/23,0.73,0.73,0.73,0.73,745000,0,0
興航,6702,2016/12/24,0,0,0,0,0,0,0
興航,6702,2016/12/25,0,0,0,0,0,0,0
興航,6702,2016/12/26,0.66,0.66,0.66,0.66,855000,0,0
興航,6702,2016/12/27,0.6,0.6,0.6,0.6,797000,0,0
興航,6702,2016/12/28,0.54,0.66,0.54,0.66,26222000,0,0
興航,6702,2016/12/29,0.64,0.67,0.64,0.64,10533000,0,0
興航,6702,2016/12/30,0.7,0.7,0.65,0.7,6986000,0,0
興航,6702,2016/12/31,0,0,0,0,0,0,0
興航,6702,2017/1/1,0,0,0,0,0,0,0
興航,6702,2017/1/2,0,0,0,0,0,0,0
興航,6702,2017/1/3,0.72,0.77,0.71,0.77,3728000,0,0
興航,6702,2017/1/4,0.8,0.84,0.8,0.84,3417000,0,0
興航,6702,2017/1/5,0.92,0.92,0.76,0.76,8940000,0,0
興航,6702,2017/1/6,0.76,0.8,0.7,0.7,4320000,0,0
興航,6702,2017/1/7,0,0,0,0,0,0,0
興航,6702,2017/1/8,0,0,0,0,0,0,0
興航,6702,2017/1/9,0.68,0.7,0.63,0.67,4438000,0,0
興航,6702,2017/1/10,0.73,0.73,0.69,0.69,3107000,0,0
興航,6702,2017/1/11,0.75,0.75,0.64,0.68,7927000,0,0
興航,6702,2017/1/12,0.62,0.62,0.62,0.62,2483000,0,0
興航,6702,2017/1/13,0.56,0.6,0.56,0.6,10698000,0,0
興航,6702,2017/1/14,0,0,0,0,0,0,0
興航,6702,2017/1/15,0,0,0,0,0,0,0
興航,6702,2017/1/16,0.57,0.6,0.54,0.54,2641000,0,0
興航,6702,2017/1/17,0.54,0.59,0.54,0.59,3621000,0,0
興航,6702,2017/1/18,0.64,0.64,0.61,0.64,3236000,0,0
興航,6702,2017/1/19,0.67,0.67,0.6,0.66,1823000,0,0
興航,6702,2017/1/20,0.67,0.67,0.61,0.65,3987000,0,0
興航,6702,2017/1/21,0,0,0,0,0,0,0
興航,6702,2017/1/22,0,0,0,0,0,0,0
興航,6702,2017/1/23,0.65,0.71,0.62,0.69,5465000,0,0
興航,6702,2017/1/24,0.71,0.71,0.63,0.69,6019000,0,0
興航,6702,2017/1/25,0,0,0,0,0,0,0
興航,6702,2017/1/26,0,0,0,0,0,0,0
興航,6702,2017/1/27,0,0,0,0,0,0,0
興航,6702,2017/1/28,0,0,0,0,0,0,0
興航,6702,2017/1/29,0,0,0,0,0,0,0
興航,6702,2017/1/30,0,0,0,0,0,0,0
興航,6702,2017/1/31,0,0,0,0,0,0,0
興航,6702,2017/2/1,0,0,0,0,0,0,0
興航,6702,2017/2/2,0,0,0,0,0,0,0
興航,6702,2017/2/3,0,0,0,0,0,0,0
興航,6702,2017/2/4,0,0,0,0,0,0,0
興航,6702,2017/2/5,0,0,0,0,0,0,0
興航,6702,2017/2/6,0,0,0,0,0,0,0
興航,6702,2017/2/7,0,0,0,0,0,0,0
興航,6702,2017/2/8,0,0,0,0,0,0,0
興航,6702,2017/2/9,0,0,0,0,0,0,0
興航,6702,2017/2/10,0,0,0,0,0,0,0
興航,6702,2017/2/11,0,0,0,0,0,0,0
興航,6702,2017/2/12,0,0,0,0,0,0,0
興航,6702,2017/2/13,0,0,0,0,0,0,0
興航,6702,2017/2/14,0,0,0,0,0,0,0
興航,6702,2017/2/15,0,0,0,0,0,0,0
興航,6702,2017/2/16,0,0,0,0,0,0,0
興航,6702,2017/2/17,0,0,0,0,0,0,0
興航,6702,2017/2/18,0,0,0,0,0,0,0
興航,6702,2017/2/19,0,0,0,0,0,0,0
興航,6702,2017/2/20,0,0,0,0,0,0,0
宏達電,2498,2016/10/5,87.5,87.6,86.4,86.4,7186000,0,0
宏達電,2498,2016/10/6,86.5,89.3,86.2,89.1,13948000,0,0
宏達電,2498,2016/10/7,93,93.3,89.7,89.7,25332000,0,0
宏達電,2498,2016/10/8,0,0,0,0,0,0,0
宏達電,2498,2016/10/9,0,0,0,0,0,0,0
宏達電,2498,2016/10/10,0,0,0,0,0,0,0
宏達電,2498,2016/10/11,92.2,94.8,91.3,94.8,31786000,0,0
宏達電,2498,2016/10/12,95.2,96,93.2,93.2,22784000,0,0
宏達電,2498,2016/10/13,93.9,94.4,90.3,90.3,16081000,0,0
宏達電,2498,2016/10/14,90,92.3,89.5,91.2,12441000,0,0
宏達電,2498,2016/10/15,0,0,0,0,0,0,0
宏達電,2498,2016/10/16,0,0,0,0,0,0,0
宏達電,2498,2016/10/17,92,92,89.6,91.2,7430000,0,0
宏達電,2498,2016/10/18,92.3,94.7,91.8,92.2,16926000,0,0
宏達電,2498,2016/10/19,93.3,94.9,92.8,94.7,16977000,0,0
宏達電,2498,2016/10/20,95.6,96.4,93.2,93.6,15493000,0,0
宏達電,2498,2016/10/21,94.3,94.8,93.2,94.7,9715000,0,0
宏達電,2498,2016/10/22,0,0,0,0,0,0,0
宏達電,2498,2016/10/23,0,0,0,0,0,0,0
宏達電,2498,2016/10/24,95.2,95.9,94.1,94.4,6488000,0,0
宏達電,2498,2016/10/25,94.2,94.9,91.5,91.9,11082000,0,0
宏達電,2498,2016/10/26,92.7,94.8,92.6,93.7,14078000,0,0
宏達電,2498,2016/10/27,94.6,94.6,91.8,92.5,10937000,0,0
宏達電,2498,2016/10/28,93.8,93.9,91.6,92.4,8563000,0,0
宏達電,2498,2016/10/29,0,0,0,0,0,0,0
宏達電,2498,2016/10/30,0,0,0,0,0,0,0
宏達電,2498,2016/10/31,93.2,93.7,92.2,92.4,7967000,0,0
宏達電,2498,2016/11/1,92,92.4,90.6,91.8,6484000,0,0
宏達電,2498,2016/11/2,92.1,92.5,91.3,92.4,7358000,0,0
宏達電,2498,2016/11/3,91.3,92.6,86.2,86.2,22241000,0,0
宏達電,2498,2016/11/4,85.5,86,83.4,85.5,14602000,0,0
宏達電,2498,2016/11/5,0,0,0,0,0,0,0
宏達電,2498,2016/11/6,0,0,0,0,0,0,0
宏達電,2498,2016/11/7,84.4,84.9,83.2,84.4,9447000,0,0
宏達電,2498,2016/11/8,85,85.9,84.6,85.7,6455000,0,0
宏達電,2498,2016/11/9,86.5,86.8,80.5,80.6,15354000,0,0
宏達電,2498,2016/11/10,84.2,84.3,82.3,84.3,8803000,0,0
宏達電,2498,2016/11/11,81.2,82.8,79.5,80.4,13346000,0,0
宏達電,2498,2016/11/12,0,0,0,0,0,0,0
宏達電,2498,2016/11/13,0,0,0,0,0,0,0
宏達電,2498,2016/11/14,79,79.4,75.8,76.8,19836000,0,0
宏達電,2498,2016/11/15,76.8,78.8,76.8,78.4,7862000,0,0
宏達電,2498,2016/11/16,78.8,79.9,78.4,79.3,9433000,0,0
宏達電,2498,2016/11/17,79.5,79.8,77.7,79.3,6003000,0,0
宏達電,2498,2016/11/18,79.9,85.2,79.1,84,19441000,0,0
宏達電,2498,2016/11/19,0,0,0,0,0,0,0
宏達電,2498,2016/11/20,0,0,0,0,0,0,0
宏達電,2498,2016/11/21,83,83.5,82.1,82.5,8381000,0,0
宏達電,2498,2016/11/22,82.5,83.9,81.7,81.7,8358000,0,0
宏達電,2498,2016/11/23,83,83.4,82.2,82.7,6120000,0,0
宏達電,2498,2016/11/24,82.8,83.5,81.7,83.5,7808000,0,0
宏達電,2498,2016/11/25,83.8,84.1,82.7,82.7,4789000,0,0
宏達電,2498,2016/11/26,0,0,0,0,0,0,0
宏達電,2498,2016/11/27,0,0,0,0,0,0,0
宏達電,2498,2016/11/28,83.2,84.1,82.8,83.9,5284000,0,0
宏達電,2498,2016/11/29,83.9,85.3,82.9,84.6,7379000,0,0
宏達電,2498,2016/11/30,84.5,85.5,83.5,84.3,10366000,0,0
宏達電,2498,2016/12/1,85,86.4,84.4,84.4,8856000,0,0
宏達電,2498,2016/12/2,83.8,83.9,82,82.4,6394000,0,0
宏達電,2498,2016/12/3,0,0,0,0,0,0,0
宏達電,2498,2016/12/4,0,0,0,0,0,0,0
宏達電,2498,2016/12/5,82.5,83.2,81.4,82.6,4982000,0,0
宏達電,2498,2016/12/6,83.3,83.9,82.7,82.8,4203000,0,0
宏達電,2498,2016/12/7,80.5,81.5,80.1,80.1,13731000,0,0
宏達電,2498,2016/12/8,80.6,81.1,80.1,80.3,6469000,0,0
宏達電,2498,2016/12/9,80.6,82.3,79,81.9,10044000,0,0
宏達電,2498,2016/12/10,0,0,0,0,0,0,0
宏達電,2498,2016/12/11,0,0,0,0,0,0,0
宏達電,2498,2016/12/12,82,82.5,81,81.1,4299000,0,0
宏達電,2498,2016/12/13,80.9,81.5,80.6,80.6,4784000,0,0
宏達電,2498,2016/12/14,80.9,81.5,80,80,5779000,0,0
宏達電,2498,2016/12/15,79.5,80,79.1,79.8,5837000,0,0
宏達電,2498,2016/12/16,80,81,79.5,79.5,5523000,0,0
宏達電,2498,2016/12/17,0,0,0,0,0,0,0
宏達電,2498,2016/12/18,0,0,0,0,0,0,0
宏達電,2498,2016/12/19,79.5,80.4,79,79.1,3892000,0,0
宏達電,2498,2016/12/20,79.9,80.6,79.3,80.5,5268000,0,0
宏達電,2498,2016/12/21,80.5,80.5,79.2,79.9,5281000,0,0
宏達電,2498,2016/12/22,79.3,79.8,77.7,78.1,9395000,0,0
宏達電,2498,2016/12/23,78,78.1,76.8,77.2,6471000,0,0
宏達電,2498,2016/12/24,0,0,0,0,0,0,0
宏達電,2498,2016/12/25,0,0,0,0,0,0,0
宏達電,2498,2016/12/26,77,78.3,77,78,3984000,0,0
宏達電,2498,2016/12/27,78,78.9,77.5,78.1,3509000,0,0
宏達電,2498,2016/12/28,77.7,78.8,77.6,78.3,4363000,0,0
宏達電,2498,2016/12/29,77.8,78.4,77.7,77.8,2615000,0,0
宏達電,2498,2016/12/30,78,79.3,78,79,3896000,0,0
宏達電,2498,2016/12/31,0,0,0,0,0,0,0
宏達電,2498,2017/1/1,0,0,0,0,0,0,0
宏達電,2498,2017/1/2,0,0,0,0,0,0,0
宏達電,2498,2017/1/3,79.2,79.6,78.8,79.2,2978000,0,0
宏達電,2498,2017/1/4,79.7,82.7,79.6,81.8,16714000,0,0
宏達電,2498,2017/1/5,82.5,82.8,81.1,81.3,6352000,0,0
宏達電,2498,2017/1/6,81.8,81.9,81,81.2,3243000,0,0
宏達電,2498,2017/1/7,0,0,0,0,0,0,0
宏達電,2498,2017/1/8,0,0,0,0,0,0,0
宏達電,2498,2017/1/9,80.6,80.6,78.6,79.2,9562000,0,0
宏達電,2498,2017/1/10,78.5,78.8,77.5,78.6,6197000,0,0
宏達電,2498,2017/1/11,78.5,79.7,78,79.4,4577000,0,0
宏達電,2498,2017/1/12,79.5,80.5,79.5,79.5,4698000,0,0
宏達電,2498,2017/1/13,80,80.4,79.1,79.1,3547000,0,0
宏達電,2498,2017/1/14,0,0,0,0,0,0,0
宏達電,2498,2017/1/15,0,0,0,0,0,0,0
宏達電,2498,2017/1/16,78.9,79.1,78.1,78.8,3119000,0,0
宏達電,2498,2017/1/17,79.4,79.9,79.1,79.5,2341000,0,0
宏達電,2498,2017/1/18,79.4,82.3,79.4,82.1,12669000,19,0
宏達電,2498,2017/1/19,82.1,82.4,80.4,80.4,5783000,0,0
宏達電,2498,2017/1/20,81,81.8,79.6,79.6,5814000,0,0
宏達電,2498,2017/1/21,0,0,0,0,0,0,0
宏達電,2498,2017/1/22,0,0,0,0,0,0,0
宏達電,2498,2017/1/23,78.8,79.6,78.5,78.7,8297000,0,0
宏達電,2498,2017/1/24,78.7,79.9,78.7,79.3,4355000,0,0
宏達電,2498,2017/1/25,0,0,0,0,0,0,0
宏達電,2498,2017/1/26,0,0,0,0,0,0,0
宏達電,2498,2017/1/27,0,0,0,0,0,0,0
宏達電,2498,2017/1/28,0,0,0,0,0,0,0
宏達電,2498,2017/1/29,0,0,0,0,0,0,0
宏達電,2498,2017/1/30,0,0,0,0,0,0,0
宏達電,2498,2017/1/31,0,0,0,0,0,0,0
宏達電,2498,2017/2/1,0,0,0,0,0,0,0
宏達電,2498,2017/2/2,80,80,77.6,78.3,7368000,0,0
宏達電,2498,2017/2/3,78.3,78.8,77.3,78.2,5819000,0,0
宏達電,2498,2017/2/4,0,0,0,0,0,0,0
宏達電,2498,2017/2/5,0,0,0,0,0,0,0
宏達電,2498,2017/2/6,77.6,80,77.6,78.6,7071000,0,0
宏達電,2498,2017/2/7,76.1,76.9,75.3,76.9,11941000,0,0
宏達電,2498,2017/2/8,77.1,77.6,76.2,76.8,7022000,0,0
宏達電,2498,2017/2/9,76.8,78.2,76.3,76.8,8482000,0,0
宏達電,2498,2017/2/10,77.4,78.7,77,77,8915000,0,0
宏達電,2498,2017/2/11,0,0,0,0,0,0,0
宏達電,2498,2017/2/12,0,0,0,0,0,0,0
宏達電,2498,2017/2/13,78.2,78.4,77.2,77.2,6392000,0,0
宏達電,2498,2017/2/14,77.3,78.1,76.1,76.2,8288000,0,0
宏達電,2498,2017/2/15,76,83.8,76,78.9,46952000,63,0
宏達電,2498,2017/2/16,80.1,81,78.5,78.5,16112000,0,0
宏達電,2498,2017/2/17,78.8,79,77.2,77.5,9175000,0,-28
宏達電,2498,2017/2/18,0,0,0,0,0,0,0
宏達電,2498,2017/2/19,0,0,0,0,0,0,0
宏達電,2498,2017/2/20,0,0,0,0,0,0,0
臺積電,2330,2016/10/5,186,186,184.5,186,19112000,0,0
臺積電,2330,2016/10/6,185,187.5,185,187.5,15422000,0,0
臺積電,2330,2016/10/7,188,188,186,188,14810000,0,0
臺積電,2330,2016/10/8,0,0,0,0,0,0,0
臺積電,2330,2016/10/9,0,0,0,0,0,0,0
臺積電,2330,2016/10/10,0,0,0,0,0,0,0
臺積電,2330,2016/10/11,191,191,186,187.5,30264000,0,0
臺積電,2330,2016/10/12,186.5,190,186,189.5,22532000,0,0
臺積電,2330,2016/10/13,190.5,191,187,188.5,37252000,0,0
臺積電,2330,2016/10/14,187,189,186.5,188,33200000,0,0
臺積電,2330,2016/10/15,0,0,0,0,0,0,0
臺積電,2330,2016/10/16,0,0,0,0,0,0,0
臺積電,2330,2016/10/17,186.5,187.5,185,186.5,37295000,0,0
臺積電,2330,2016/10/18,186.5,187,185.5,187,37925000,0,0
臺積電,2330,2016/10/19,187.5,189.5,187.5,189.5,33239000,0,0
臺積電,2330,2016/10/20,189.5,190.5,189,190.5,13166000,0,0
臺積電,2330,2016/10/21,191,192,188.5,188.5,21918000,0,0
臺積電,2330,2016/10/22,0,0,0,0,0,0,0
臺積電,2330,2016/10/23,0,0,0,0,0,0,0
臺積電,2330,2016/10/24,191,191,189.5,191,13441000,0,0
臺積電,2330,2016/10/25,192,193,191,193,18809000,0,0
臺積電,2330,2016/10/26,190.5,192.5,190.5,191.5,21013000,0,0
臺積電,2330,2016/10/27,191.5,191.5,188.5,188.5,26159000,0,0
臺積電,2330,2016/10/28,189.5,190,188.5,189.5,24324000,0,0
臺積電,2330,2016/10/29,0,0,0,0,0,0,0
臺積電,2330,2016/10/30,0,0,0,0,0,0,0
臺積電,2330,2016/10/31,189,190.5,186.5,188.5,25294000,0,0
臺積電,2330,2016/11/1,188.5,189.5,187.5,189.5,14245000,0,0
臺積電,2330,2016/11/2,187.5,188,186,186,16383000,0,0
臺積電,2330,2016/11/3,185.5,186.5,184.5,184.5,24984000,0,0
臺積電,2330,2016/11/4,184.5,186,184,184.5,14833000,0,0
臺積電,2330,2016/11/5,0,0,0,0,0,0,0
臺積電,2330,2016/11/6,0,0,0,0,0,0,0
臺積電,2330,2016/11/7,186.5,189,186,189,21295000,0,0
臺積電,2330,2016/11/8,190,190,188,188.5,15416000,0,0
臺積電,2330,2016/11/9,190,190.5,182,182,55444000,0,0
臺積電,2330,2016/11/10,187,188,185.5,185.5,38223000,0,0
臺積電,2330,2016/11/11,181.5,183,181,181.5,67570000,0,0
臺積電,2330,2016/11/12,0,0,0,0,0,0,0
臺積電,2330,2016/11/13,0,0,0,0,0,0,0
臺積電,2330,2016/11/14,181,182,180,180.5,47989000,0,0
臺積電,2330,2016/11/15,179.5,182,179,180,33490000,0,0
臺積電,2330,2016/11/16,180.5,183,180,180,34821000,0,0
臺積電,2330,2016/11/17,182,182.5,180.5,181.5,22411000,0,0
臺積電,2330,2016/11/18,181.5,181.5,180,181,22473000,0,0
臺積電,2330,2016/11/19,0,0,0,0,0,0,0
臺積電,2330,2016/11/20,0,0,0,0,0,0,0
臺積電,2330,2016/11/21,180.5,181.5,180,181,15585000,0,0
臺積電,2330,2016/11/22,182,185,181.5,184,27583000,0,0
臺積電,2330,2016/11/23,184.5,186.5,184,185.5,22107000,0,0
臺積電,2330,2016/11/24,184,185,183,183,14974000,0,0
臺積電,2330,2016/11/25,182.5,183.5,182,182,10107000,0,0
臺積電,2330,2016/11/26,0,0,0,0,0,0,0
臺積電,2330,2016/11/27,0,0,0,0,0,0,0
臺積電,2330,2016/11/28,181.5,184,181.5,184,19096000,0,0
臺積電,2330,2016/11/29,183.5,185,182,182,24392000,0,0
臺積電,2330,2016/11/30,181.5,183,181.5,183,39656000,0,0
臺積電,2330,2016/12/1,182,183,181.5,183,13893000,0,0
臺積電,2330,2016/12/2,179,179.5,178,178,53824000,0,0
臺積電,2330,2016/12/3,0,0,0,0,0,0,0
臺積電,2330,2016/12/4,0,0,0,0,0,0,0
臺積電,2330,2016/12/5,178,180,178,179,29191000,0,0
臺積電,2330,2016/12/6,181,183,180.5,182,27292000,0,0
臺積電,2330,2016/12/7,183,183.5,181.5,181.5,14071000,0,0
臺積電,2330,2016/12/8,184,185.5,183,185.5,27248000,0,0
臺積電,2330,2016/12/9,186,186,184.5,186,24790000,0,0
臺積電,2330,2016/12/10,0,0,0,0,0,0,0
臺積電,2330,2016/12/11,0,0,0,0,0,0,0
臺積電,2330,2016/12/12,186,187,184,185,18782000,0,0
臺積電,2330,2016/12/13,186.5,186.5,184.5,186,23588000,0,0
臺積電,2330,2016/12/14,186.5,187.5,185.5,187.5,16558000,0,0
臺積電,2330,2016/12/15,185,187.5,184.5,187,22796000,0,0
臺積電,2330,2016/12/16,185.5,187,185,185,35969000,0,0
臺積電,2330,2016/12/17,0,0,0,0,0,0,0
臺積電,2330,2016/12/18,0,0,0,0,0,0,0
臺積電,2330,2016/12/19,184,184.5,182.5,182.5,20410000,0,0
臺積電,2330,2016/12/20,181,182.5,180,182.5,24122000,0,0
臺積電,2330,2016/12/21,181,182,180,180,29655000,0,0
臺積電,2330,2016/12/22,180,180.5,179,179,26264000,0,0
臺積電,2330,2016/12/23,179,180,178.5,178.5,22945000,0,0
臺積電,2330,2016/12/24,0,0,0,0,0,0,0
臺積電,2330,2016/12/25,0,0,0,0,0,0,0
臺積電,2330,2016/12/26,179,180,179,179.5,5673000,0,0
臺積電,2330,2016/12/27,180,180.5,179.5,180,8222000,0,0
臺積電,2330,2016/12/28,181,182,180.5,182,21213000,0,0
臺積電,2330,2016/12/29,180,181.5,180,180,30197000,0,0
臺積電,2330,2016/12/30,181,182.5,180,181.5,36590000,0,0
臺積電,2330,2016/12/31,0,0,0,0,0,0,0
臺積電,2330,2017/1/1,0,0,0,0,0,0,0
臺積電,2330,2017/1/2,0,0,0,0,0,0,0
臺積電,2330,2017/1/3,181.5,183.5,181,183,22609000,0,0
臺積電,2330,2017/1/4,183,184,181.5,183,24357000,0,0
臺積電,2330,2017/1/5,182,183.5,181.5,183.5,20962000,0,0
臺積電,2330,2017/1/6,184,184.5,183.5,184,22429000,0,0
臺積電,2330,2017/1/7,0,0,0,0,0,0,0
臺積電,2330,2017/1/8,0,0,0,0,0,0,0
臺積電,2330,2017/1/9,184,185,183,184,18555000,0,0
臺積電,2330,2017/1/10,184.5,185.5,183.5,184,20169000,0,0
臺積電,2330,2017/1/11,185,185,181.5,182,29089000,0,0
臺積電,2330,2017/1/12,182.5,185.5,182.5,184.5,41122000,0,0
臺積電,2330,2017/1/13,180.5,182.5,180.5,181.5,52340000,0,0
臺積電,2330,2017/1/14,0,0,0,0,0,0,0
臺積電,2330,2017/1/15,0,0,0,0,0,0,0
臺積電,2330,2017/1/16,180,180.5,179,179.5,30736000,0,0
臺積電,2330,2017/1/17,180.5,181,179.5,181,13148000,0,0
臺積電,2330,2017/1/18,180.5,181,179.5,181,23685000,0,0
臺積電,2330,2017/1/19,179.5,181,179.5,180.5,24595000,0,0
臺積電,2330,2017/1/20,181,181.5,180.5,181,23420000,0,0
臺積電,2330,2017/1/21,0,0,0,0,0,0,0
臺積電,2330,2017/1/22,0,0,0,0,0,0,0
臺積電,2330,2017/1/23,182.5,185,182.5,185,36985000,0,0
臺積電,2330,2017/1/24,185,186.5,184.5,185.5,55004000,0,0
臺積電,2330,2017/1/25,0,0,0,0,0,16,0
臺積電,2330,2017/1/26,0,0,0,0,0,0,0
臺積電,2330,2017/1/27,0,0,0,0,0,0,0
臺積電,2330,2017/1/28,0,0,0,0,0,0,0
臺積電,2330,2017/1/29,0,0,0,0,0,0,0
臺積電,2330,2017/1/30,0,0,0,0,0,0,0
臺積電,2330,2017/1/31,0,0,0,0,0,0,0
臺積電,2330,2017/2/1,0,0,0,0,0,0,0
臺積電,2330,2017/2/2,188,188.5,184,184.5,94068000,0,0
臺積電,2330,2017/2/3,186,186,183.5,184.5,29508000,0,0
臺積電,2330,2017/2/4,0,0,0,0,0,0,0
臺積電,2330,2017/2/5,0,0,0,0,0,0,0
臺積電,2330,2017/2/6,184.5,185.5,184,184.5,24767000,0,0
臺積電,2330,2017/2/7,183.5,185,183,184.5,23614000,0,0
臺積電,2330,2017/2/8,183.5,184.5,183,183.5,29144000,0,0
臺積電,2330,2017/2/9,184,185.5,183.5,184,18966000,0,0
臺積電,2330,2017/2/10,184.5,185.5,184,185.5,34694000,0,0
臺積電,2330,2017/2/11,0,0,0,0,0,0,0
臺積電,2330,2017/2/12,0,0,0,0,0,0,0
臺積電,2330,2017/2/13,186.5,188,186.5,187.5,25078000,0,0
臺積電,2330,2017/2/14,189,190,187.5,187.5,45690000,0,0
臺積電,2330,2017/2/15,187,189.5,186.5,189,39206000,0,0
臺積電,2330,2017/2/16,190,190.5,188,189,26986000,0,0
臺積電,2330,2017/2/17,190,190.5,189,189.5,20373000,0,0
臺積電,2330,2017/2/18,0,0,0,0,0,0,0
臺積電,2330,2017/2/19,0,0,0,0,0,0,0
臺積電,2330,2017/2/20,0,0,0,0,0,0,0
和碩,4938,2016/10/5,82.6,83.4,81.9,81.9,11888000,0,0
和碩,4938,2016/10/6,82.2,82.4,81,81.2,6088000,0,0
和碩,4938,2016/10/7,81.7,81.9,80.7,80.8,4701000,0,0
和碩,4938,2016/10/8,0,0,0,0,0,0,0
和碩,4938,2016/10/9,0,0,0,0,0,0,0
和碩,4938,2016/10/10,0,0,0,0,0,0,0
和碩,4938,2016/10/11,81.9,81.9,80.1,80.7,7123000,0,0
和碩,4938,2016/10/12,82,82.7,81.7,82.2,10142000,0,0
和碩,4938,2016/10/13,82.9,83.3,82,83,10701000,0,0
和碩,4938,2016/10/14,82.8,82.9,81.6,81.6,5418000,0,0
和碩,4938,2016/10/15,0,0,0,0,0,0,0
和碩,4938,2016/10/16,0,0,0,0,0,0,0
和碩,4938,2016/10/17,81.7,83,80.9,83,8909000,0,0
和碩,4938,2016/10/18,83,83.1,82.2,82.9,8301000,0,0
和碩,4938,2016/10/19,83,83.2,82.7,83.2,7875000,0,0
和碩,4938,2016/10/20,83.4,83.4,82.7,82.8,4279000,0,0
和碩,4938,2016/10/21,83,84,82.9,83.5,7261000,0,0
和碩,4938,2016/10/22,0,0,0,0,0,0,0
和碩,4938,2016/10/23,0,0,0,0,0,0,0
和碩,4938,2016/10/24,83.8,84.6,83.3,83.3,5187000,0,0
和碩,4938,2016/10/25,83.6,85,83.6,84.9,10069000,0,0
和碩,4938,2016/10/26,84.3,85.7,83.8,85.7,8454000,0,0
和碩,4938,2016/10/27,85.4,86.8,84.8,85.6,9994000,0,0
和碩,4938,2016/10/28,84.5,85.6,84,84.4,5880000,0,0
和碩,4938,2016/10/29,0,0,0,0,0,0,0
和碩,4938,2016/10/30,0,0,0,0,0,0,0
和碩,4938,2016/10/31,84.8,85.3,83.8,85,5928000,0,0
和碩,4938,2016/11/1,84.2,85,84,84.1,6038000,0,0
和碩,4938,2016/11/2,83,83.6,82.3,82.3,5142000,0,0
和碩,4938,2016/11/3,82.7,83.4,80.9,81,5235000,0,0
和碩,4938,2016/11/4,81,81.9,81,81.7,3125000,0,0
和碩,4938,2016/11/5,0,0,0,0,0,0,0
和碩,4938,2016/11/6,0,0,0,0,0,0,0
和碩,4938,2016/11/7,82.2,83.8,82,83.2,3504000,0,0
和碩,4938,2016/11/8,83.8,83.8,82.8,83.8,3532000,0,0
和碩,4938,2016/11/9,84.9,85.5,80.7,81.7,11870000,0,0
和碩,4938,2016/11/10,83.8,84,82.8,83,4808000,0,0
和碩,4938,2016/11/11,76.6,77.5,74.7,74.7,27918000,0,0
和碩,4938,2016/11/12,0,0,0,0,0,0,0
和碩,4938,2016/11/13,0,0,0,0,0,0,0
和碩,4938,2016/11/14,74.3,74.4,71.1,71.8,18813000,0,0
和碩,4938,2016/11/15,70.9,72,70,70,16379000,0,0
和碩,4938,2016/11/16,71.9,72.8,71.3,71.9,14122000,0,0
和碩,4938,2016/11/17,73.5,73.5,71.7,72.3,11054000,0,0
和碩,4938,2016/11/18,72.3,73.9,71.6,73.8,10959000,0,0
和碩,4938,2016/11/19,0,0,0,0,0,0,0
和碩,4938,2016/11/20,0,0,0,0,0,0,0
和碩,4938,2016/11/21,73.8,73.8,73,73.4,4094000,0,0
和碩,4938,2016/11/22,73.6,75.4,73.6,74.3,8474000,0,0
和碩,4938,2016/11/23,74.5,76.8,74.5,76.5,11876000,0,0
和碩,4938,2016/11/24,76.5,77.3,74.3,74.3,16078000,0,0
和碩,4938,2016/11/25,74.1,74.9,73.6,74.9,4871000,0,0
和碩,4938,2016/11/26,0,0,0,0,0,0,0
和碩,4938,2016/11/27,0,0,0,0,0,0,0
和碩,4938,2016/11/28,74.9,76.1,74.6,75.9,5536000,0,0
和碩,4938,2016/11/29,76.5,77.8,75.9,76.2,11105000,0,0
和碩,4938,2016/11/30,76.9,77.5,75.2,75.9,12406000,0,0
和碩,4938,2016/12/1,76.4,77.3,76.2,76.5,7039000,0,0
和碩,4938,2016/12/2,75.8,75.8,74.8,75.2,6813000,0,0
和碩,4938,2016/12/3,0,0,0,0,0,0,0
和碩,4938,2016/12/4,0,0,0,0,0,0,0
和碩,4938,2016/12/5,75.2,75.2,73.5,74.5,7230000,0,0
和碩,4938,2016/12/6,75.3,76.3,75.2,76,7308000,0,0
和碩,4938,2016/12/7,76.6,76.6,75.5,75.5,4828000,0,0
和碩,4938,2016/12/8,76,76.7,75.8,76.4,7957000,0,0
和碩,4938,2016/12/9,76.6,76.9,76.2,76.8,4674000,0,0
和碩,4938,2016/12/10,0,0,0,0,0,0,0
和碩,4938,2016/12/11,0,0,0,0,0,0,0
和碩,4938,2016/12/12,75.8,76.4,75.3,75.5,4006000,0,0
和碩,4938,2016/12/13,75.3,76,75.2,75.6,7358000,0,0
和碩,4938,2016/12/14,76.2,76.4,75.7,76.4,6838000,0,0
和碩,4938,2016/12/15,75.6,76.1,75.3,75.4,4512000,0,0
和碩,4938,2016/12/16,75.4,76.7,75.2,76.3,6772000,0,0
和碩,4938,2016/12/17,0,0,0,0,0,0,0
和碩,4938,2016/12/18,0,0,0,0,0,0,0
和碩,4938,2016/12/19,76.3,76.5,75.1,75.1,3081000,0,0
和碩,4938,2016/12/20,75.3,76.5,75.3,76.5,4772000,0,0
和碩,4938,2016/12/21,76.5,77.8,75.6,77,5752000,0,0
和碩,4938,2016/12/22,77.2,77.4,76.3,76.3,3302000,0,0
和碩,4938,2016/12/23,76.2,76.8,76.1,76.1,2239000,0,0
和碩,4938,2016/12/24,0,0,0,0,0,0,0
和碩,4938,2016/12/25,0,0,0,0,0,0,0
和碩,4938,2016/12/26,75.8,76.4,75.8,76,647000,0,0
和碩,4938,2016/12/27,76.3,76.4,75.9,76.4,1267000,0,0
和碩,4938,2016/12/28,76.4,77.3,76.4,77.2,3302000,0,0
和碩,4938,2016/12/29,76.8,77.7,76.5,76.6,3325000,0,0
和碩,4938,2016/12/30,77.2,77.5,76.5,77,3556000,0,0
和碩,4938,2016/12/31,0,0,0,0,0,0,0
和碩,4938,2017/1/1,0,0,0,0,0,0,0
和碩,4938,2017/1/2,0,0,0,0,0,0,0
和碩,4938,2017/1/3,77.4,78.8,77.1,78.4,5094000,0,0
和碩,4938,2017/1/4,78.4,79.7,78,79.2,6362000,0,0
和碩,4938,2017/1/5,78.4,78.8,77.9,78,7297000,0,0
和碩,4938,2017/1/6,78.1,78.5,78,78,2693000,0,0
和碩,4938,2017/1/7,0,0,0,0,0,0,0
和碩,4938,2017/1/8,0,0,0,0,0,0,0
和碩,4938,2017/1/9,78.5,78.8,77.8,77.9,3899000,0,0
和碩,4938,2017/1/10,78.4,79.2,78.3,78.8,5509000,0,0
和碩,4938,2017/1/11,73.3,74.8,73.3,74,23856000,0,0
和碩,4938,2017/1/12,72,73.7,72,72.7,15129000,0,0
和碩,4938,2017/1/13,72.9,73.8,72.8,73.4,9717000,0,0
和碩,4938,2017/1/14,0,0,0,0,0,0,0
和碩,4938,2017/1/15,0,0,0,0,0,0,0
和碩,4938,2017/1/16,74,74,72.5,73.8,8055000,0,0
和碩,4938,2017/1/17,73.1,74,73.1,73.5,6405000,0,0
和碩,4938,2017/1/18,73.6,74,73.3,73.5,7782000,0,0
和碩,4938,2017/1/19,73.6,74.6,73.6,74.5,7124000,0,0
和碩,4938,2017/1/20,74.1,74.6,73.6,74,4592000,0,0
和碩,4938,2017/1/21,0,0,0,0,0,0,0
和碩,4938,2017/1/22,0,0,0,0,0,0,0
和碩,4938,2017/1/23,74.2,75,74.2,74.7,5034000,0,0
和碩,4938,2017/1/24,75,75.5,74.9,75.1,5207000,0,0
和碩,4938,2017/1/25,0,0,0,0,0,0,0
和碩,4938,2017/1/26,0,0,0,0,0,0,0
和碩,4938,2017/1/27,0,0,0,0,0,0,0
和碩,4938,2017/1/28,0,0,0,0,0,0,0
和碩,4938,2017/1/29,0,0,0,0,0,0,0
和碩,4938,2017/1/30,0,0,0,0,0,0,0
和碩,4938,2017/1/31,0,0,0,0,0,0,0
和碩,4938,2017/2/1,0,0,0,0,0,0,0
和碩,4938,2017/2/2,77.4,77.4,75.1,76,12484000,0,0
和碩,4938,2017/2/3,76,76.5,75.7,76.1,6306000,0,0
和碩,4938,2017/2/4,0,0,0,0,0,0,0
和碩,4938,2017/2/5,0,0,0,0,0,0,0
和碩,4938,2017/2/6,76.8,78.2,76.6,76.8,7102000,0,0
和碩,4938,2017/2/7,76.8,78.9,76.8,78,7208000,0,0
和碩,4938,2017/2/8,77.7,78.4,76.7,78.2,9351000,0,0
和碩,4938,2017/2/9,77.5,79,77.4,79,8116000,0,0
和碩,4938,2017/2/10,81,83.5,81,82.6,19937000,0,0
和碩,4938,2017/2/11,0,0,0,0,0,32,0
和碩,4938,2017/2/12,0,0,0,0,0,0,0
和碩,4938,2017/2/13,83,83.5,82,83,12525000,0,0
和碩,4938,2017/2/14,83,83.7,82,82.2,11235000,0,0
和碩,4938,2017/2/15,82.2,83.4,81.8,82.5,12053000,0,0
和碩,4938,2017/2/16,82.7,83.4,81.6,81.7,6970000,0,0
和碩,4938,2017/2/17,81.5,82,80,80.1,9132000,0,0
和碩,4938,2017/2/18,0,0,0,0,0,0,0
和碩,4938,2017/2/19,0,0,0,0,0,0,0
和碩,4938,2017/2/20,0,0,0,0,0,0,0
